"category","subcategory","ID","Description","GeneRatio","BgRatio","RichFactor","FoldEnrichment","zScore","pvalue","p.adjust","qvalue","geneID","Count"
"Metabolism","Carbohydrate metabolism","hsa00051","Fructose and mannose metabolism","2/15","7/1824",0.285714285714286,34.7428571428571,8.14278728925835,0.00129502260604782,0.429947505207876,0.429947505207876,"226/5209",2
"Organismal Systems","Endocrine system","hsa04918","Thyroid hormone synthesis","2/15","20/1824",0.1,12.16,4.56857339425074,0.0110141226975523,1,1,"482/821",2
"Metabolism","Carbohydrate metabolism","hsa00030","Pentose phosphate pathway","1/15","5/1824",0.2,24.32,4.75353700526747,0.0404913622670821,1,1,"226",1
"Metabolism","Glycan biosynthesis and metabolism","hsa00531","Glycosaminoglycan degradation","1/15","5/1824",0.2,24.32,4.75353700526747,0.0404913622670821,1,1,"3423",1
"Environmental Information Processing","Signal transduction","hsa04066","HIF-1 signaling pathway","2/15","40/1824",0.05,6.08,2.95744014198806,0.0411255455328727,1,1,"226/5209",2
"Organismal Systems","Circulatory system","hsa04261","Adrenergic signaling in cardiomyocytes","2/15","43/1824",0.0465116279069767,5.65581395348837,2.81266213138106,0.0469401522899123,1,1,"482/5516",2
"Cellular Processes","Cell motility","hsa04820","Cytoskeleton in muscle cells","2/15","43/1824",0.0465116279069767,5.65581395348837,2.81266213138106,0.0469401522899123,1,1,"482/9672",2
"Environmental Information Processing","Signal transduction","hsa04152","AMPK signaling pathway","2/15","44/1824",0.0454545454545455,5.52727272727273,2.76740470593434,0.0489435478204065,1,1,"5209/5516",2
"Organismal Systems","Excretory system","hsa04964","Proximal tubule bicarbonate reclamation","1/15","9/1824",0.111111111111111,13.5111111111111,3.42529910860559,0.0717770571329891,1,1,"482",1
"Organismal Systems","Digestive system","hsa04973","Carbohydrate digestion and absorption","1/15","10/1824",0.1,12.16,3.2215526516884,0.0794483211236259,1,1,"482",1
"Organismal Systems","Digestive system","hsa04974","Protein digestion and absorption","1/15","11/1824",0.0909090909090909,11.0545454545455,3.04494577312093,0.0870603802102551,1,1,"482",1
"Organismal Systems","Digestive system","hsa04976","Bile secretion","1/15","11/1824",0.0909090909090909,11.0545454545455,3.04494577312093,0.0870603802102551,1,1,"482",1
"Organismal Systems","Excretory system","hsa04960","Aldosterone-regulated sodium reabsorption","1/15","12/1824",0.0833333333333333,10.1333333333333,2.88975161340279,0.0946136589178371,1,1,"482",1
"Organismal Systems","Immune system","hsa04612","Antigen processing and presentation","1/15","14/1824",0.0714285714285714,8.68571428571429,2.62801988184272,0.109545559255657,1,1,"821",1
"Organismal Systems","Environmental adaptation","hsa04710","Circadian rhythm","1/15","14/1824",0.0714285714285714,8.68571428571429,2.62801988184272,0.109545559255657,1,1,"5187",1
"Organismal Systems","Digestive system","hsa04978","Mineral absorption","1/15","14/1824",0.0714285714285714,8.68571428571429,2.62801988184272,0.109545559255657,1,1,"482",1
"Organismal Systems","Development and regeneration","hsa04382","Cornified envelope formation","1/15","15/1824",0.0666666666666667,8.10666666666667,2.51600773630326,0.116925015946909,1,1,"5516",1
"Environmental Information Processing","Signal transduction","hsa04010","MAPK signaling pathway","2/15","74/1824",0.027027027027027,3.28648648648649,1.82803772897873,0.121340771057939,1,1,"8682/2316",2
"Metabolism","Carbohydrate metabolism","hsa00010","Glycolysis / Gluconeogenesis","1/15","16/1824",0.0625,7.6,2.41392845539571,0.124247362415011,1,1,"226",1
"Cellular Processes","Transport and catabolism","hsa04136","Autophagy - other","1/15","16/1824",0.0625,7.6,2.41392845539571,0.124247362415011,1,1,"5516",1
"Organismal Systems","Sensory system","hsa04750","Inflammatory mediator regulation of TRP channels","1/15","16/1824",0.0625,7.6,2.41392845539571,0.124247362415011,1,1,"3269",1
"Environmental Information Processing","Signaling molecules and interaction","hsa04080","Neuroactive ligand-receptor interaction","1/15","17/1824",0.0588235294117647,7.15294117647059,2.32031970369121,0.131513009297629,1,1,"3269",1
"Organismal Systems","Digestive system","hsa04970","Salivary secretion","1/15","17/1824",0.0588235294117647,7.15294117647059,2.32031970369121,0.131513009297629,1,1,"482",1
"Organismal Systems","Endocrine system","hsa03320","PPAR signaling pathway","1/15","18/1824",0.0555555555555556,6.75555555555556,2.23400587193065,0.138722364505452,1,1,"7316",1
"Cellular Processes","Transport and catabolism","hsa04140","Autophagy - animal","2/15","82/1824",0.024390243902439,2.96585365853659,1.6582641673251,0.143709892312316,1,1,"7316/5516",2
"Organismal Systems","Excretory system","hsa04961","Endocrine and other factor-regulated calcium reabsorption","1/15","20/1824",0.05,6.08,2.07960150921091,0.152973818004124,1,1,"482",1
"Organismal Systems","Digestive system","hsa04972","Pancreatic secretion","1/15","20/1824",0.05,6.08,2.07960150921091,0.152973818004124,1,1,"482",1
"Organismal Systems","Digestive system","hsa04971","Gastric acid secretion","1/15","21/1824",0.0476190476190476,5.79047619047619,2.01006522620969,0.160016718630476,1,1,"482",1
"Organismal Systems","Nervous system","hsa04730","Long-term depression","1/15","22/1824",0.0454545454545455,5.52727272727273,1.9448686915496,0.167004932285796,1,1,"5516",1
"Organismal Systems","Endocrine system","hsa04911","Insulin secretion","1/15","22/1824",0.0454545454545455,5.52727272727273,1.9448686915496,0.167004932285796,1,1,"482",1
"Metabolism","Global and overview maps","hsa01230","Biosynthesis of amino acids","1/15","23/1824",0.0434782608695652,5.28695652173913,1.88354422151833,0.173938853493184,1,1,"226",1
"Organismal Systems","Circulatory system","hsa04260","Cardiac muscle contraction","1/15","23/1824",0.0434782608695652,5.28695652173913,1.88354422151833,0.173938853493184,1,1,"482",1
"Human Diseases","Infectious disease: parasitic","hsa05142","Chagas disease","1/15","23/1824",0.0434782608695652,5.28695652173913,1.88354422151833,0.173938853493184,1,1,"5516",1
"Environmental Information Processing","Signal transduction","hsa04668","TNF signaling pathway","1/15","25/1824",0.04,4.864,1.77097006716728,0.187645383529152,1,1,"3726",1
"Environmental Information Processing","Signaling molecules and interaction","hsa04082","Neuroactive ligand signaling","1/15","26/1824",0.0384615384615385,4.67692307692308,1.71907987058855,0.194418768324629,1,1,"3269",1
"Environmental Information Processing","Signal transduction","hsa04350","TGF-beta signaling pathway","1/15","26/1824",0.0384615384615385,4.67692307692308,1.71907987058855,0.194418768324629,1,1,"5516",1
"Environmental Information Processing","Signaling molecules and interaction","hsa04518","Integrin signaling","1/15","26/1824",0.0384615384615385,4.67692307692308,1.71907987058855,0.194418768324629,1,1,"2316",1
"Organismal Systems","Endocrine system","hsa04925","Aldosterone synthesis and secretion","1/15","26/1824",0.0384615384615385,4.67692307692308,1.71907987058855,0.194418768324629,1,1,"482",1
"Environmental Information Processing","Signaling molecules and interaction","hsa04514","Cell adhesion molecule (CAM) interaction","1/15","29/1824",0.0344827586206897,4.19310344827586,1.57797254140854,0.214424003425656,1,1,"9672",1
"Organismal Systems","Environmental adaptation","hsa04713","Circadian entrainment","1/15","29/1824",0.0344827586206897,4.19310344827586,1.57797254140854,0.214424003425656,1,1,"5187",1
"Organismal Systems","Development and regeneration","hsa04380","Osteoclast differentiation","1/15","31/1824",0.032258064516129,3.92258064516129,1.49409043827122,0.22750217771021,1,1,"3726",1
"Metabolism","Global and overview maps","hsa01200","Carbon metabolism","1/15","33/1824",0.0303030303030303,3.68484848484848,1.41693079587996,0.240376917018712,1,1,"226",1
"Cellular Processes","Cellular community - eukaryotes","hsa04520","Adherens junction","1/15","34/1824",0.0294117647058824,3.57647058823529,1.38056803136554,0.24673891938874,1,1,"10458",1
"Environmental Information Processing","Signal transduction","hsa04020","Calcium signaling pathway","1/15","38/1824",0.0263157894736842,3.2,1.24765189993015,0.271692945751466,1,1,"3269",1
"Environmental Information Processing","Signal transduction","hsa04390","Hippo signaling pathway","1/15","38/1824",0.0263157894736842,3.2,1.24765189993015,0.271692945751466,1,1,"5516",1
"Genetic Information Processing","Translation","hsa03015","mRNA surveillance pathway","1/15","39/1824",0.0256410256410256,3.11794871794872,1.21716180061216,0.277809746319063,1,1,"5516",1
"Organismal Systems","Immune system","hsa04660","T cell receptor signaling pathway","1/15","39/1824",0.0256410256410256,3.11794871794872,1.21716180061216,0.277809746319063,1,1,"5516",1
"Organismal Systems","Endocrine system","hsa04935","Growth hormone synthesis, secretion and action","1/15","39/1824",0.0256410256410256,3.11794871794872,1.21716180061216,0.277809746319063,1,1,"3726",1
"Cellular Processes","Cell growth and death","hsa04114","Oocyte meiosis","1/15","40/1824",0.025,3.04,1.1876334428456,0.283878571980247,1,1,"5516",1
"Environmental Information Processing","Signal transduction","hsa04071","Sphingolipid signaling pathway","1/15","41/1824",0.024390243902439,2.96585365853659,1.15900983770797,0.289899772327947,1,1,"5516",1
"Environmental Information Processing","Signal transduction","hsa04022","cGMP-PKG signaling pathway","1/15","46/1824",0.0217391304347826,2.64347826086957,1.02777176314597,0.319303466228844,1,1,"482",1
"Human Diseases","Infectious disease: bacterial","hsa05135","Yersinia infection","1/15","46/1824",0.0217391304347826,2.64347826086957,1.02777176314597,0.319303466228844,1,1,"10458",1
"Human Diseases","Infectious disease: viral","hsa05160","Hepatitis C","1/15","46/1824",0.0217391304347826,2.64347826086957,1.02777176314597,0.319303466228844,1,1,"5516",1
"Cellular Processes","Cell growth and death","hsa04110","Cell cycle","1/15","48/1824",0.0208333333333333,2.53333333333333,0.980066163028175,0.33074354133655,1,1,"5516",1
"Cellular Processes","Cellular community - eukaryotes","hsa04530","Tight junction","1/15","48/1824",0.0208333333333333,2.53333333333333,0.980066163028175,0.33074354133655,1,1,"5516",1
"Organismal Systems","Nervous system","hsa04728","Dopaminergic synapse","1/15","48/1824",0.0208333333333333,2.53333333333333,0.980066163028175,0.33074354133655,1,1,"5516",1
"Cellular Processes","Transport and catabolism","hsa04137","Mitophagy - animal","1/15","49/1824",0.0204081632653061,2.48163265306122,0.957103892336207,0.336396045210397,1,1,"7316",1
"Cellular Processes","Cell growth and death","hsa04218","Cellular senescence","1/15","49/1824",0.0204081632653061,2.48163265306122,0.957103892336207,0.336396045210397,1,1,"677",1
"Organismal Systems","Endocrine system","hsa04919","Thyroid hormone signaling pathway","1/15","49/1824",0.0204081632653061,2.48163265306122,0.957103892336207,0.336396045210397,1,1,"482",1
"Environmental Information Processing","Signal transduction","hsa04024","cAMP signaling pathway","1/15","52/1824",0.0192307692307692,2.33846153846154,0.891446716048034,0.353087362679387,1,1,"482",1
"Cellular Processes","Cellular community - eukaryotes","hsa04510","Focal adhesion","1/15","55/1824",0.0181818181818182,2.21090909090909,0.830134853778592,0.369386180429833,1,1,"2316",1
"Human Diseases","Infectious disease: viral","hsa05167","Kaposi sarcoma-associated herpesvirus infection","1/15","56/1824",0.0178571428571429,2.17142857142857,0.81056598709815,0.374733386361745,1,1,"7316",1
"Human Diseases","Infectious disease: viral","hsa05166","Human T-cell leukemia virus 1 infection","1/15","58/1824",0.0172413793103448,2.09655172413793,0.77262267493258,0.385301083355685,1,1,"821",1
"Human Diseases","Cancer: overview","hsa05205","Proteoglycans in cancer","1/15","62/1824",0.0161290322580645,1.96129032258065,0.701079298409016,0.40593826648474,1,1,"2316",1
"Human Diseases","Infectious disease: bacterial","hsa05130","Pathogenic Escherichia coli infection","1/15","66/1824",0.0151515151515152,1.84242424242424,0.634618997762987,0.425927336186938,1,1,"10458",1
"Genetic Information Processing","Folding, sorting and degradation","hsa04120","Ubiquitin mediated proteolysis","1/15","70/1824",0.0142857142857143,1.73714285714286,0.572539649140952,0.445287235298039,1,1,"7316",1
"Cellular Processes","Transport and catabolism","hsa04145","Phagocytosis","1/15","73/1824",0.0136986301369863,1.66575342465753,0.528507855182394,0.459405372495591,1,1,"821",1
"Cellular Processes","Cell motility","hsa04810","Regulation of actin cytoskeleton","1/15","74/1824",0.0135135135135135,1.64324324324324,0.514270661343897,0.464036394433093,1,1,"10458",1
"Genetic Information Processing","Folding, sorting and degradation","hsa04141","Protein processing in endoplasmic reticulum","1/15","75/1824",0.0133333333333333,1.62133333333333,0.500241894797667,0.468630368195095,1,1,"821",1
"Environmental Information Processing","Signal transduction","hsa04151","PI3K-Akt signaling pathway","1/15","81/1824",0.0123456790123457,1.50123456790123,0.420101769679618,0.495431488269225,1,1,"5516",1
"Human Diseases","Infectious disease: bacterial","hsa05131","Shigellosis","1/15","84/1824",0.0119047619047619,1.44761904761905,0.382378317719286,0.50835378222381,1,1,"7316",1
"Human Diseases","Infectious disease: viral","hsa05165","Human papillomavirus infection","1/15","88/1824",0.0113636363636364,1.38181818181818,0.33422794701708,0.525103392532186,1,1,"5516",1
"Metabolism","Global and overview maps","hsa01100","Metabolic pathways","3/15","335/1824",0.00895522388059702,1.0889552238806,0.164046206555701,0.538941776155939,1,1,"226/3423/5209",3
"Cellular Processes","Transport and catabolism","hsa04142","Lysosome biogenesis","1/15","93/1824",0.010752688172043,1.30752688172043,0.277137761872245,0.545291605212242,1,1,"3423",1
"Human Diseases","Infectious disease: bacterial","hsa05132","Salmonella infection","1/15","95/1824",0.0105263157894737,1.28,0.25517728817242,0.553140279982274,1,1,"2316",1
"Human Diseases","Neurodegenerative disease","hsa05012","Parkinson disease","1/15","103/1824",0.00970873786407767,1.18058252427184,0.171760611312614,0.583287935419912,1,1,"7316",1
"Environmental Information Processing","Signaling molecules and interaction","hsa04517","IgSF CAM signaling","1/15","107/1824",0.00934579439252336,1.13644859813084,0.132432781227477,0.597639471984939,1,1,"10458",1
"Human Diseases","Neurodegenerative disease","hsa05022","Pathways of neurodegeneration - multiple diseases","1/15","155/1824",0.00645161290322581,0.784516129032258,-0.255312530334374,0.737494874945712,1,1,"7316",1
"Metabolism","Carbohydrate metabolism","hsa00020","Citrate cycle (TCA cycle)","0/15","9/1824",0,0,-0.273780568183395,1,1,1,"",0
"Metabolism","Carbohydrate metabolism","hsa00040","Pentose and glucuronate interconversions","0/15","3/1824",0,0,-0.157806662493476,1,1,1,"",0
"Metabolism","Carbohydrate metabolism","hsa00052","Galactose metabolism","0/15","6/1824",0,0,-0.223356382009677,1,1,1,"",0
"Metabolism","Lipid metabolism","hsa00061","Fatty acid biosynthesis","0/15","4/1824",0,0,-0.182269491551729,1,1,1,"",0
"Metabolism","Lipid metabolism","hsa00062","Fatty acid elongation","0/15","8/1824",0,0,-0.258051716254837,1,1,1,"",0
"Metabolism","Lipid metabolism","hsa00071","Fatty acid degradation","0/15","12/1824",0,0,-0.3163961620514,1,1,1,"",0
"Metabolism","Lipid metabolism","hsa00100","Steroid biosynthesis","0/15","6/1824",0,0,-0.223356382009677,1,1,1,"",0
"Metabolism","Energy metabolism","hsa00190","Oxidative phosphorylation","0/15","42/1824",0,0,-0.596884739925254,1,1,1,"",0
"Metabolism","Amino acid metabolism","hsa00220","Arginine biosynthesis","0/15","5/1824",0,0,-0.203839494222447,1,1,1,"",0
"Metabolism","Nucleotide metabolism","hsa00230","Purine metabolism","0/15","20/1824",0,0,-0.409370375828919,1,1,1,"",0
"Metabolism","Nucleotide metabolism","hsa00240","Pyrimidine metabolism","0/15","12/1824",0,0,-0.3163961620514,1,1,1,"",0
"Metabolism","Amino acid metabolism","hsa00250","Alanine, aspartate and glutamate metabolism","0/15","11/1824",0,0,-0.302842707995752,1,1,1,"",0
"Metabolism","Amino acid metabolism","hsa00260","Glycine, serine and threonine metabolism","0/15","3/1824",0,0,-0.157806662493476,1,1,1,"",0
"Metabolism","Amino acid metabolism","hsa00270","Cysteine and methionine metabolism","0/15","17/1824",0,0,-0.377107408821707,1,1,1,"",0
"Metabolism","Amino acid metabolism","hsa00280","Valine, leucine and isoleucine degradation","0/15","19/1824",0,0,-0.398894343424015,1,1,1,"",0
"Metabolism","Amino acid metabolism","hsa00310","Lysine degradation","0/15","17/1824",0,0,-0.377107408821707,1,1,1,"",0
"Metabolism","Amino acid metabolism","hsa00330","Arginine and proline metabolism","0/15","14/1824",0,0,-0.341935672358718,1,1,1,"",0
"Metabolism","Amino acid metabolism","hsa00350","Tyrosine metabolism","0/15","5/1824",0,0,-0.203839494222447,1,1,1,"",0
"Metabolism","Amino acid metabolism","hsa00360","Phenylalanine metabolism","0/15","3/1824",0,0,-0.157806662493476,1,1,1,"",0
"Metabolism","Amino acid metabolism","hsa00380","Tryptophan metabolism","0/15","6/1824",0,0,-0.223356382009677,1,1,1,"",0
"Metabolism","Metabolism of other amino acids","hsa00410","beta-Alanine metabolism","0/15","7/1824",0,0,-0.241318844304862,1,1,1,"",0
"Metabolism","Metabolism of other amino acids","hsa00450","Selenocompound metabolism","0/15","3/1824",0,0,-0.157806662493476,1,1,1,"",0
"Metabolism","Metabolism of other amino acids","hsa00480","Glutathione metabolism","0/15","11/1824",0,0,-0.302842707995752,1,1,1,"",0
"Metabolism","Carbohydrate metabolism","hsa00500","Starch and sucrose metabolism","0/15","8/1824",0,0,-0.258051716254837,1,1,1,"",0
"Metabolism","Glycan biosynthesis and metabolism","hsa00510","N-Glycan biosynthesis","0/15","11/1824",0,0,-0.302842707995752,1,1,1,"",0
"Metabolism","Glycan biosynthesis and metabolism","hsa00511","Other glycan degradation","0/15","3/1824",0,0,-0.157806662493476,1,1,1,"",0
"Metabolism","Glycan biosynthesis and metabolism","hsa00512","Mucin type O-glycan biosynthesis","0/15","5/1824",0,0,-0.203839494222447,1,1,1,"",0
"Metabolism","Glycan biosynthesis and metabolism","hsa00513","Various types of N-glycan biosynthesis","0/15","8/1824",0,0,-0.258051716254837,1,1,1,"",0
"Metabolism","Glycan biosynthesis and metabolism","hsa00514","Other types of O-glycan biosynthesis","0/15","10/1824",0,0,-0.288669592445197,1,1,1,"",0
"Metabolism","Glycan biosynthesis and metabolism","hsa00515","Mannose type O-glycan biosynthesis","0/15","4/1824",0,0,-0.182269491551729,1,1,1,"",0
"Metabolism","Glycan biosynthesis and metabolism","hsa00520","Amino sugar and nucleotide sugar metabolism","0/15","10/1824",0,0,-0.288669592445197,1,1,1,"",0
"Metabolism","Glycan biosynthesis and metabolism","hsa00532","Glycosaminoglycan biosynthesis - chondroitin sulfate / dermatan sulfate","0/15","5/1824",0,0,-0.203839494222447,1,1,1,"",0
"Metabolism","Glycan biosynthesis and metabolism","hsa00534","Glycosaminoglycan biosynthesis - heparan sulfate / heparin","0/15","7/1824",0,0,-0.241318844304862,1,1,1,"",0
"Metabolism","Glycan biosynthesis and metabolism","hsa00541","Biosynthesis of various nucleotide sugars","0/15","5/1824",0,0,-0.203839494222447,1,1,1,"",0
"Metabolism","Lipid metabolism","hsa00561","Glycerolipid metabolism","0/15","11/1824",0,0,-0.302842707995752,1,1,1,"",0
"Metabolism","Carbohydrate metabolism","hsa00562","Inositol phosphate metabolism","0/15","27/1824",0,0,-0.476570904039087,1,1,1,"",0
"Metabolism","Glycan biosynthesis and metabolism","hsa00563","Glycosylphosphatidylinositol (GPI)-anchor biosynthesis","0/15","9/1824",0,0,-0.273780568183395,1,1,1,"",0
"Metabolism","Lipid metabolism","hsa00564","Glycerophospholipid metabolism","0/15","28/1824",0,0,-0.485451145185329,1,1,1,"",0
"Metabolism","Lipid metabolism","hsa00565","Ether lipid metabolism","0/15","7/1824",0,0,-0.241318844304862,1,1,1,"",0
"Metabolism","Lipid metabolism","hsa00590","Arachidonic acid metabolism","0/15","6/1824",0,0,-0.223356382009677,1,1,1,"",0
"Metabolism","Lipid metabolism","hsa00592","alpha-Linolenic acid metabolism","0/15","3/1824",0,0,-0.157806662493476,1,1,1,"",0
"Metabolism","Lipid metabolism","hsa00600","Sphingolipid metabolism","0/15","15/1824",0,0,-0.354034859704962,1,1,1,"",0
"Metabolism","Glycan biosynthesis and metabolism","hsa00601","Glycosphingolipid biosynthesis - lacto and neolacto series","0/15","3/1824",0,0,-0.157806662493476,1,1,1,"",0
"Metabolism","Glycan biosynthesis and metabolism","hsa00604","Glycosphingolipid biosynthesis - ganglio series","0/15","6/1824",0,0,-0.223356382009677,1,1,1,"",0
"Metabolism","Carbohydrate metabolism","hsa00620","Pyruvate metabolism","0/15","13/1824",0,0,-0.329406474822651,1,1,1,"",0
"Metabolism","Carbohydrate metabolism","hsa00630","Glyoxylate and dicarboxylate metabolism","0/15","6/1824",0,0,-0.223356382009677,1,1,1,"",0
"Metabolism","Carbohydrate metabolism","hsa00640","Propanoate metabolism","0/15","11/1824",0,0,-0.302842707995752,1,1,1,"",0
"Metabolism","Carbohydrate metabolism","hsa00650","Butanoate metabolism","0/15","9/1824",0,0,-0.273780568183395,1,1,1,"",0
"Metabolism","Metabolism of cofactors and vitamins","hsa00670","One carbon pool by folate","0/15","6/1824",0,0,-0.223356382009677,1,1,1,"",0
"Metabolism","Metabolism of cofactors and vitamins","hsa00760","Nicotinate and nicotinamide metabolism","0/15","7/1824",0,0,-0.241318844304862,1,1,1,"",0
"Metabolism","Metabolism of cofactors and vitamins","hsa00770","Pantothenate and CoA biosynthesis","0/15","7/1824",0,0,-0.241318844304862,1,1,1,"",0
"Metabolism","Metabolism of cofactors and vitamins","hsa00785","Lipoic acid metabolism","0/15","3/1824",0,0,-0.157806662493476,1,1,1,"",0
"Metabolism","Metabolism of cofactors and vitamins","hsa00790","Folate biosynthesis","0/15","5/1824",0,0,-0.203839494222447,1,1,1,"",0
"Metabolism","Metabolism of cofactors and vitamins","hsa00860","Porphyrin metabolism","0/15","4/1824",0,0,-0.182269491551729,1,1,1,"",0
"Metabolism","Metabolism of terpenoids and polyketides","hsa00900","Terpenoid backbone biosynthesis","0/15","6/1824",0,0,-0.223356382009677,1,1,1,"",0
"Genetic Information Processing","Translation","hsa00970","Aminoacyl-tRNA biosynthesis","0/15","8/1824",0,0,-0.258051716254837,1,1,1,"",0
"Metabolism","Xenobiotics biodegradation and metabolism","hsa00980","Metabolism of xenobiotics by cytochrome P450","0/15","4/1824",0,0,-0.182269491551729,1,1,1,"",0
"Metabolism","Xenobiotics biodegradation and metabolism","hsa00982","Drug metabolism - cytochrome P450","0/15","5/1824",0,0,-0.203839494222447,1,1,1,"",0
"Metabolism","Xenobiotics biodegradation and metabolism","hsa00983","Drug metabolism - other enzymes","0/15","15/1824",0,0,-0.354034859704962,1,1,1,"",0
"Metabolism","Lipid metabolism","hsa01040","Biosynthesis of unsaturated fatty acids","0/15","9/1824",0,0,-0.273780568183395,1,1,1,"",0
"Metabolism","Global and overview maps","hsa01210","2-Oxocarboxylic acid metabolism","0/15","10/1824",0,0,-0.288669592445197,1,1,1,"",0
"Metabolism","Global and overview maps","hsa01212","Fatty acid metabolism","0/15","20/1824",0,0,-0.409370375828919,1,1,1,"",0
"Metabolism","Global and overview maps","hsa01232","Nucleotide metabolism","0/15","19/1824",0,0,-0.398894343424015,1,1,1,"",0
"Metabolism","Global and overview maps","hsa01240","Biosynthesis of cofactors","0/15","22/1824",0,0,-0.429589470020996,1,1,1,"",0
"Metabolism","Global and overview maps","hsa01250","Biosynthesis of nucleotide sugars","0/15","10/1824",0,0,-0.288669592445197,1,1,1,"",0
"Human Diseases","Drug resistance: antineoplastic","hsa01521","EGFR tyrosine kinase inhibitor resistance","0/15","32/1824",0,0,-0.51954798753149,1,1,1,"",0
"Human Diseases","Drug resistance: antineoplastic","hsa01522","Endocrine resistance","0/15","29/1824",0,0,-0.494181465451917,1,1,1,"",0
"Human Diseases","Drug resistance: antineoplastic","hsa01523","Antifolate resistance","0/15","3/1824",0,0,-0.157806662493476,1,1,1,"",0
"Human Diseases","Drug resistance: antineoplastic","hsa01524","Platinum drug resistance","0/15","21/1824",0,0,-0.419596120779358,1,1,1,"",0
"Environmental Information Processing","Membrane transport","hsa02010","ABC transporters","0/15","4/1824",0,0,-0.182269491551729,1,1,1,"",0
"Genetic Information Processing","Translation","hsa03008","Ribosome biogenesis in eukaryotes","0/15","12/1824",0,0,-0.3163961620514,1,1,1,"",0
"Genetic Information Processing","Translation","hsa03010","Ribosome","0/15","78/1824",0,0,-0.821759743363128,1,1,1,"",0
"Genetic Information Processing","Translation","hsa03013","Nucleocytoplasmic transport","0/15","51/1824",0,0,-0.659402213518752,1,1,1,"",0
"Genetic Information Processing","Folding, sorting and degradation","hsa03018","RNA degradation","0/15","27/1824",0,0,-0.476570904039087,1,1,1,"",0
"Genetic Information Processing","Transcription","hsa03020","RNA polymerase","0/15","6/1824",0,0,-0.223356382009677,1,1,1,"",0
"Genetic Information Processing","Transcription","hsa03022","Basal transcription factors","0/15","10/1824",0,0,-0.288669592445197,1,1,1,"",0
"Genetic Information Processing","Replication and repair","hsa03030","DNA replication","0/15","3/1824",0,0,-0.157806662493476,1,1,1,"",0
"Genetic Information Processing","Transcription","hsa03040","Spliceosome","0/15","57/1824",0,0,-0.698294841034775,1,1,1,"",0
"Genetic Information Processing","Folding, sorting and degradation","hsa03050","Proteasome","0/15","24/1824",0,0,-0.448940771676164,1,1,1,"",0
"Genetic Information Processing","Folding, sorting and degradation","hsa03060","Protein export","0/15","15/1824",0,0,-0.354034859704962,1,1,1,"",0
"Genetic Information Processing","Chromosome","hsa03082","ATP-dependent chromatin remodeling","0/15","38/1824",0,0,-0.56711449996825,1,1,1,"",0
"Genetic Information Processing","Chromosome","hsa03083","Polycomb repressive complex","0/15","31/1824",0,0,-0.51122299764247,1,1,1,"",0
"Genetic Information Processing","Information processing in viruses","hsa03250","Viral life cycle - HIV-1","0/15","30/1824",0,0,-0.502769690611396,1,1,1,"",0
"Genetic Information Processing","Information processing in viruses","hsa03265","Virion - Ebolavirus, Lyssavirus and Morbillivirus","0/15","4/1824",0,0,-0.182269491551729,1,1,1,"",0
"Genetic Information Processing","Information processing in viruses","hsa03272","Virion - Hepatitis viruses","0/15","13/1824",0,0,-0.329406474822651,1,1,1,"",0
"Genetic Information Processing","Information processing in viruses","hsa03273","Virion - Lassa virus and SFTS virus","0/15","7/1824",0,0,-0.241318844304862,1,1,1,"",0
"Genetic Information Processing","Replication and repair","hsa03410","Base excision repair","0/15","9/1824",0,0,-0.273780568183395,1,1,1,"",0
"Genetic Information Processing","Replication and repair","hsa03420","Nucleotide excision repair","0/15","20/1824",0,0,-0.409370375828919,1,1,1,"",0
"Genetic Information Processing","Replication and repair","hsa03430","Mismatch repair","0/15","4/1824",0,0,-0.182269491551729,1,1,1,"",0
"Genetic Information Processing","Replication and repair","hsa03440","Homologous recombination","0/15","6/1824",0,0,-0.223356382009677,1,1,1,"",0
"Genetic Information Processing","Replication and repair","hsa03450","Non-homologous end-joining","0/15","5/1824",0,0,-0.203839494222447,1,1,1,"",0
"Genetic Information Processing","Replication and repair","hsa03460","Fanconi anemia pathway","0/15","7/1824",0,0,-0.241318844304862,1,1,1,"",0
"Environmental Information Processing","Signal transduction","hsa04012","ErbB signaling pathway","0/15","39/1824",0,0,-0.574688985761191,1,1,1,"",0
"Environmental Information Processing","Signal transduction","hsa04014","Ras signaling pathway","0/15","63/1824",0,0,-0.735377397280792,1,1,1,"",0
"Environmental Information Processing","Signal transduction","hsa04015","Rap1 signaling pathway","0/15","53/1824",0,0,-0.672586792117621,1,1,1,"",0
"Environmental Information Processing","Signaling molecules and interaction","hsa04060","Cytokine-cytokine receptor interaction","0/15","9/1824",0,0,-0.273780568183395,1,1,1,"",0
"Organismal Systems","Immune system","hsa04062","Chemokine signaling pathway","0/15","43/1824",0,0,-0.604118240006921,1,1,1,"",0
"Environmental Information Processing","Signal transduction","hsa04064","NF-kappa B signaling pathway","0/15","9/1824",0,0,-0.273780568183395,1,1,1,"",0
"Environmental Information Processing","Signal transduction","hsa04068","FoxO signaling pathway","0/15","40/1824",0,0,-0.582173256296862,1,1,1,"",0
"Environmental Information Processing","Signal transduction","hsa04070","Phosphatidylinositol signaling system","0/15","34/1824",0,0,-0.535836907151008,1,1,1,"",0
"Environmental Information Processing","Signal transduction","hsa04072","Phospholipase D signaling pathway","0/15","44/1824",0,0,-0.611274131832886,1,1,1,"",0
"Environmental Information Processing","Signaling molecules and interaction","hsa04081","Hormone signaling","0/15","28/1824",0,0,-0.485451145185329,1,1,1,"",0
"Cellular Processes","Cell growth and death","hsa04115","p53 signaling pathway","0/15","15/1824",0,0,-0.354034859704962,1,1,1,"",0
"Genetic Information Processing","Folding, sorting and degradation","hsa04130","SNARE interactions in vesicular transport","0/15","7/1824",0,0,-0.241318844304862,1,1,1,"",0
"Cellular Processes","Transport and catabolism","hsa04144","Endocytosis","0/15","104/1824",0,0,-0.95603133416918,1,1,1,"",0
"Cellular Processes","Transport and catabolism","hsa04146","Peroxisome","0/15","17/1824",0,0,-0.377107408821707,1,1,1,"",0
"Cellular Processes","Transport and catabolism","hsa04148","Efferocytosis","0/15","46/1824",0,0,-0.625363771226386,1,1,1,"",0
"Environmental Information Processing","Signal transduction","hsa04150","mTOR signaling pathway","0/15","57/1824",0,0,-0.698294841034775,1,1,1,"",0
NA,NA,"hsa04156","Integrated stress response (ISR) signaling pathway","0/15","20/1824",0,0,-0.409370375828919,1,1,1,"",0
"Cellular Processes","Cell growth and death","hsa04210","Apoptosis","0/15","31/1824",0,0,-0.51122299764247,1,1,1,"",0
"Organismal Systems","Aging","hsa04211","Longevity regulating pathway","0/15","36/1824",0,0,-0.551679915869346,1,1,1,"",0
"Organismal Systems","Aging","hsa04213","Longevity regulating pathway - multiple species","0/15","20/1824",0,0,-0.409370375828919,1,1,1,"",0
"Cellular Processes","Cell growth and death","hsa04215","Apoptosis - multiple species","0/15","6/1824",0,0,-0.223356382009677,1,1,1,"",0
"Cellular Processes","Cell growth and death","hsa04216","Ferroptosis","0/15","20/1824",0,0,-0.409370375828919,1,1,1,"",0
"Cellular Processes","Cell growth and death","hsa04217","Necroptosis","0/15","36/1824",0,0,-0.551679915869346,1,1,1,"",0
"Organismal Systems","Circulatory system","hsa04270","Vascular smooth muscle contraction","0/15","26/1824",0,0,-0.46753218237764,1,1,1,"",0
"Environmental Information Processing","Signal transduction","hsa04310","Wnt signaling pathway","0/15","41/1824",0,0,-0.589570761116955,1,1,1,"",0
"Environmental Information Processing","Signal transduction","hsa04330","Notch signaling pathway","0/15","17/1824",0,0,-0.377107408821707,1,1,1,"",0
"Environmental Information Processing","Signal transduction","hsa04340","Hedgehog signaling pathway","0/15","15/1824",0,0,-0.354034859704962,1,1,1,"",0
"Organismal Systems","Development and regeneration","hsa04360","Axon guidance","0/15","61/1824",0,0,-0.723200040488122,1,1,1,"",0
"Environmental Information Processing","Signal transduction","hsa04370","VEGF signaling pathway","0/15","20/1824",0,0,-0.409370375828919,1,1,1,"",0
"Environmental Information Processing","Signal transduction","hsa04371","Apelin signaling pathway","0/15","44/1824",0,0,-0.611274131832886,1,1,1,"",0
"Environmental Information Processing","Signal transduction","hsa04392","Hippo signaling pathway - multiple species","0/15","8/1824",0,0,-0.258051716254837,1,1,1,"",0
"Environmental Information Processing","Signaling molecules and interaction","hsa04512","ECM-receptor interaction","0/15","7/1824",0,0,-0.241318844304862,1,1,1,"",0
"Environmental Information Processing","Signaling molecules and interaction","hsa04519","Cadherin signaling","0/15","79/1824",0,0,-0.827247589635633,1,1,1,"",0
"Cellular Processes","Cellular community - eukaryotes","hsa04540","Gap junction","0/15","30/1824",0,0,-0.502769690611396,1,1,1,"",0
"Cellular Processes","Cellular community - eukaryotes","hsa04550","Signaling pathways regulating pluripotency of stem cells","0/15","33/1824",0,0,-0.527750747901115,1,1,1,"",0
"Organismal Systems","Immune system","hsa04610","Complement and coagulation cascades","0/15","5/1824",0,0,-0.203839494222447,1,1,1,"",0
"Organismal Systems","Immune system","hsa04611","Platelet activation","0/15","24/1824",0,0,-0.448940771676164,1,1,1,"",0
"Organismal Systems","Immune system","hsa04613","Neutrophil extracellular trap formation","0/15","27/1824",0,0,-0.476570904039087,1,1,1,"",0
"Organismal Systems","Endocrine system","hsa04614","Renin-angiotensin system","0/15","6/1824",0,0,-0.223356382009677,1,1,1,"",0
"Organismal Systems","Immune system","hsa04620","Toll-like receptor signaling pathway","0/15","21/1824",0,0,-0.419596120779358,1,1,1,"",0
"Organismal Systems","Immune system","hsa04621","NOD-like receptor signaling pathway","0/15","42/1824",0,0,-0.596884739925254,1,1,1,"",0
"Organismal Systems","Immune system","hsa04622","RIG-I-like receptor signaling pathway","0/15","12/1824",0,0,-0.3163961620514,1,1,1,"",0
"Organismal Systems","Immune system","hsa04623","Cytosolic DNA-sensing pathway","0/15","10/1824",0,0,-0.288669592445197,1,1,1,"",0
"Organismal Systems","Immune system","hsa04625","C-type lectin receptor signaling pathway","0/15","25/1824",0,0,-0.458325586741015,1,1,1,"",0
"Environmental Information Processing","Signal transduction","hsa04630","JAK-STAT signaling pathway","0/15","33/1824",0,0,-0.527750747901115,1,1,1,"",0
"Organismal Systems","Immune system","hsa04640","Hematopoietic cell lineage","0/15","4/1824",0,0,-0.182269491551729,1,1,1,"",0
"Organismal Systems","Immune system","hsa04650","Natural killer cell mediated cytotoxicity","0/15","24/1824",0,0,-0.448940771676164,1,1,1,"",0
"Organismal Systems","Immune system","hsa04657","IL-17 signaling pathway","0/15","14/1824",0,0,-0.341935672358718,1,1,1,"",0
"Organismal Systems","Immune system","hsa04658","Th1 and Th2 cell differentiation","0/15","15/1824",0,0,-0.354034859704962,1,1,1,"",0
"Organismal Systems","Immune system","hsa04659","Th17 cell differentiation","0/15","19/1824",0,0,-0.398894343424015,1,1,1,"",0
"Organismal Systems","Immune system","hsa04662","B cell receptor signaling pathway","0/15","21/1824",0,0,-0.419596120779358,1,1,1,"",0
"Organismal Systems","Immune system","hsa04664","Fc epsilon RI signaling pathway","0/15","21/1824",0,0,-0.419596120779358,1,1,1,"",0
"Organismal Systems","Immune system","hsa04666","Fc gamma R-mediated phagosome formation","0/15","34/1824",0,0,-0.535836907151008,1,1,1,"",0
"Organismal Systems","Immune system","hsa04670","Leukocyte transendothelial migration","0/15","31/1824",0,0,-0.51122299764247,1,1,1,"",0
"Organismal Systems","Environmental adaptation","hsa04714","Thermogenesis","0/15","68/1824",0,0,-0.765088864377726,1,1,1,"",0
"Organismal Systems","Nervous system","hsa04720","Long-term potentiation","0/15","27/1824",0,0,-0.476570904039087,1,1,1,"",0
"Organismal Systems","Nervous system","hsa04721","Synaptic vesicle cycle","0/15","28/1824",0,0,-0.485451145185329,1,1,1,"",0
"Organismal Systems","Nervous system","hsa04722","Neurotrophin signaling pathway","0/15","48/1824",0,0,-0.639173584583592,1,1,1,"",0
"Organismal Systems","Nervous system","hsa04723","Retrograde endocannabinoid signaling","0/15","37/1824",0,0,-0.559446120039502,1,1,1,"",0
"Organismal Systems","Nervous system","hsa04724","Glutamatergic synapse","0/15","32/1824",0,0,-0.51954798753149,1,1,1,"",0
"Organismal Systems","Nervous system","hsa04725","Cholinergic synapse","0/15","35/1824",0,0,-0.543811681475266,1,1,1,"",0
"Organismal Systems","Nervous system","hsa04726","Serotonergic synapse","0/15","27/1824",0,0,-0.476570904039087,1,1,1,"",0
"Organismal Systems","Nervous system","hsa04727","GABAergic synapse","0/15","22/1824",0,0,-0.429589470020996,1,1,1,"",0
"Organismal Systems","Sensory system","hsa04740","Olfactory transduction","0/15","10/1824",0,0,-0.288669592445197,1,1,1,"",0
"Organismal Systems","Sensory system","hsa04742","Taste transduction","0/15","4/1824",0,0,-0.182269491551729,1,1,1,"",0
"Organismal Systems","Sensory system","hsa04744","Phototransduction","0/15","3/1824",0,0,-0.157806662493476,1,1,1,"",0
"Cellular Processes","Cell motility","hsa04814","Motor proteins","0/15","49/1824",0,0,-0.645979211080911,1,1,1,"",0
"Organismal Systems","Endocrine system","hsa04910","Insulin signaling pathway","0/15","56/1824",0,0,-0.691946574352079,1,1,1,"",0
"Organismal Systems","Endocrine system","hsa04912","GnRH signaling pathway","0/15","29/1824",0,0,-0.494181465451917,1,1,1,"",0
"Organismal Systems","Endocrine system","hsa04913","Ovarian steroidogenesis","0/15","3/1824",0,0,-0.157806662493476,1,1,1,"",0
"Organismal Systems","Endocrine system","hsa04914","Progesterone-mediated oocyte maturation","0/15","29/1824",0,0,-0.494181465451917,1,1,1,"",0
"Organismal Systems","Endocrine system","hsa04915","Estrogen signaling pathway","0/15","40/1824",0,0,-0.582173256296862,1,1,1,"",0
"Organismal Systems","Endocrine system","hsa04916","Melanogenesis","0/15","26/1824",0,0,-0.46753218237764,1,1,1,"",0
"Organismal Systems","Endocrine system","hsa04917","Prolactin signaling pathway","0/15","20/1824",0,0,-0.409370375828919,1,1,1,"",0
"Organismal Systems","Endocrine system","hsa04920","Adipocytokine signaling pathway","0/15","17/1824",0,0,-0.377107408821707,1,1,1,"",0
"Organismal Systems","Endocrine system","hsa04921","Oxytocin signaling pathway","0/15","46/1824",0,0,-0.625363771226386,1,1,1,"",0
"Organismal Systems","Endocrine system","hsa04922","Glucagon signaling pathway","0/15","33/1824",0,0,-0.527750747901115,1,1,1,"",0
"Organismal Systems","Endocrine system","hsa04923","Regulation of lipolysis in adipocytes","0/15","11/1824",0,0,-0.302842707995752,1,1,1,"",0
"Organismal Systems","Endocrine system","hsa04924","Renin secretion","0/15","14/1824",0,0,-0.341935672358718,1,1,1,"",0
"Organismal Systems","Endocrine system","hsa04926","Relaxin signaling pathway","0/15","37/1824",0,0,-0.559446120039502,1,1,1,"",0
"Organismal Systems","Endocrine system","hsa04927","Cortisol synthesis and secretion","0/15","11/1824",0,0,-0.302842707995752,1,1,1,"",0
"Organismal Systems","Endocrine system","hsa04928","Parathyroid hormone synthesis, secretion and action","0/15","33/1824",0,0,-0.527750747901115,1,1,1,"",0
"Organismal Systems","Endocrine system","hsa04929","GnRH secretion","0/15","17/1824",0,0,-0.377107408821707,1,1,1,"",0
"Human Diseases","Endocrine and metabolic disease","hsa04930","Type II diabetes mellitus","0/15","9/1824",0,0,-0.273780568183395,1,1,1,"",0
"Human Diseases","Endocrine and metabolic disease","hsa04931","Insulin resistance","0/15","28/1824",0,0,-0.485451145185329,1,1,1,"",0
"Human Diseases","Endocrine and metabolic disease","hsa04932","Non-alcoholic fatty liver disease","0/15","42/1824",0,0,-0.596884739925254,1,1,1,"",0
"Human Diseases","Endocrine and metabolic disease","hsa04933","AGE-RAGE signaling pathway in diabetic complications","0/15","19/1824",0,0,-0.398894343424015,1,1,1,"",0
"Human Diseases","Endocrine and metabolic disease","hsa04934","Cushing syndrome","0/15","33/1824",0,0,-0.527750747901115,1,1,1,"",0
"Human Diseases","Endocrine and metabolic disease","hsa04936","Alcoholic liver disease","0/15","24/1824",0,0,-0.448940771676164,1,1,1,"",0
"Human Diseases","Endocrine and metabolic disease","hsa04940","Type I diabetes mellitus","0/15","5/1824",0,0,-0.203839494222447,1,1,1,"",0
"Organismal Systems","Excretory system","hsa04962","Vasopressin-regulated water reabsorption","0/15","18/1824",0,0,-0.388147738366329,1,1,1,"",0
"Organismal Systems","Excretory system","hsa04966","Collecting duct acid secretion","0/15","10/1824",0,0,-0.288669592445197,1,1,1,"",0
"Organismal Systems","Digestive system","hsa04975","Fat digestion and absorption","0/15","6/1824",0,0,-0.223356382009677,1,1,1,"",0
"Organismal Systems","Digestive system","hsa04977","Vitamin digestion and absorption","0/15","3/1824",0,0,-0.157806662493476,1,1,1,"",0
"Organismal Systems","Digestive system","hsa04979","Cholesterol metabolism","0/15","13/1824",0,0,-0.329406474822651,1,1,1,"",0
"Organismal Systems","Digestive system","hsa04980","Cobalamin transport and metabolism","0/15","5/1824",0,0,-0.203839494222447,1,1,1,"",0
"Organismal Systems","Digestive system","hsa04981","Folate transport and metabolism","0/15","4/1824",0,0,-0.182269491551729,1,1,1,"",0
"Human Diseases","Neurodegenerative disease","hsa05010","Alzheimer disease","0/15","124/1824",0,0,-1.0500405295261,1,1,1,"",0
"Human Diseases","Neurodegenerative disease","hsa05014","Amyotrophic lateral sclerosis","0/15","125/1824",0,0,-1.05457627692777,1,1,1,"",0
"Human Diseases","Neurodegenerative disease","hsa05016","Huntington disease","0/15","100/1824",0,0,-0.936377672688775,1,1,1,"",0
"Human Diseases","Neurodegenerative disease","hsa05017","Spinocerebellar ataxia","0/15","54/1824",0,0,-0.679094052844041,1,1,1,"",0
"Human Diseases","Neurodegenerative disease","hsa05020","Prion disease","0/15","88/1824",0,0,-0.875358908854256,1,1,1,"",0
"Human Diseases","Substance dependence","hsa05030","Cocaine addiction","0/15","15/1824",0,0,-0.354034859704962,1,1,1,"",0
"Human Diseases","Substance dependence","hsa05031","Amphetamine addiction","0/15","23/1824",0,0,-0.439366299137136,1,1,1,"",0
"Human Diseases","Substance dependence","hsa05032","Morphine addiction","0/15","16/1824",0,0,-0.365746735666017,1,1,1,"",0
"Human Diseases","Substance dependence","hsa05033","Nicotine addiction","0/15","3/1824",0,0,-0.157806662493476,1,1,1,"",0
"Human Diseases","Substance dependence","hsa05034","Alcoholism","0/15","39/1824",0,0,-0.574688985761191,1,1,1,"",0
"Human Diseases","Infectious disease: bacterial","hsa05100","Bacterial invasion of epithelial cells","0/15","32/1824",0,0,-0.51954798753149,1,1,1,"",0
"Human Diseases","Infectious disease: bacterial","hsa05110","Vibrio cholerae infection","0/15","25/1824",0,0,-0.458325586741015,1,1,1,"",0
"Human Diseases","Infectious disease: bacterial","hsa05120","Epithelial cell signaling in Helicobacter pylori infection","0/15","26/1824",0,0,-0.46753218237764,1,1,1,"",0
"Human Diseases","Infectious disease: bacterial","hsa05133","Pertussis","0/15","13/1824",0,0,-0.329406474822651,1,1,1,"",0
"Human Diseases","Infectious disease: bacterial","hsa05134","Legionellosis","0/15","17/1824",0,0,-0.377107408821707,1,1,1,"",0
"Human Diseases","Infectious disease: parasitic","hsa05140","Leishmaniasis","0/15","11/1824",0,0,-0.302842707995752,1,1,1,"",0
"Human Diseases","Infectious disease: parasitic","hsa05143","African trypanosomiasis","0/15","3/1824",0,0,-0.157806662493476,1,1,1,"",0
"Human Diseases","Infectious disease: parasitic","hsa05145","Toxoplasmosis","0/15","23/1824",0,0,-0.439366299137136,1,1,1,"",0
"Human Diseases","Infectious disease: parasitic","hsa05146","Amoebiasis","0/15","13/1824",0,0,-0.329406474822651,1,1,1,"",0
"Human Diseases","Infectious disease: bacterial","hsa05152","Tuberculosis","0/15","36/1824",0,0,-0.551679915869346,1,1,1,"",0
"Human Diseases","Infectious disease: viral","hsa05161","Hepatitis B","0/15","47/1824",0,0,-0.632302494989944,1,1,1,"",0
"Human Diseases","Infectious disease: viral","hsa05162","Measles","0/15","31/1824",0,0,-0.51122299764247,1,1,1,"",0
"Human Diseases","Infectious disease: viral","hsa05163","Human cytomegalovirus infection","0/15","68/1824",0,0,-0.765088864377726,1,1,1,"",0
"Human Diseases","Infectious disease: viral","hsa05164","Influenza A","0/15","41/1824",0,0,-0.589570761116955,1,1,1,"",0
"Human Diseases","Infectious disease: viral","hsa05168","Herpes simplex virus 1 infection","0/15","39/1824",0,0,-0.574688985761191,1,1,1,"",0
"Human Diseases","Infectious disease: viral","hsa05169","Epstein-Barr virus infection","0/15","45/1824",0,0,-0.618355123075151,1,1,1,"",0
"Human Diseases","Infectious disease: viral","hsa05170","Human immunodeficiency virus 1 infection","0/15","69/1824",0,0,-0.77091352560414,1,1,1,"",0
"Human Diseases","Infectious disease: viral","hsa05171","Coronavirus disease","0/15","87/1824",0,0,-0.870120493541048,1,1,1,"",0
"Human Diseases","Cancer: overview","hsa05200","Pathways in cancer","0/15","117/1824",0,0,-1.01787828813781,1,1,1,"",0
"Human Diseases","Cancer: overview","hsa05202","Transcriptional misregulation in cancer","0/15","33/1824",0,0,-0.527750747901115,1,1,1,"",0
"Human Diseases","Cancer: overview","hsa05203","Viral carcinogenesis","0/15","62/1824",0,0,-0.729310679553003,1,1,1,"",0
"Human Diseases","Cancer: overview","hsa05204","Chemical carcinogenesis - DNA adducts","0/15","3/1824",0,0,-0.157806662493476,1,1,1,"",0
"Human Diseases","Cancer: overview","hsa05206","MicroRNAs in cancer","0/15","50/1824",0,0,-0.652721434897945,1,1,1,"",0
"Human Diseases","Cancer: overview","hsa05207","Chemical carcinogenesis - receptor activation","0/15","49/1824",0,0,-0.645979211080911,1,1,1,"",0
"Human Diseases","Cancer: overview","hsa05208","Chemical carcinogenesis - reactive oxygen species","0/15","66/1824",0,0,-0.753324709574768,1,1,1,"",0
"Human Diseases","Cancer: specific types","hsa05210","Colorectal cancer","0/15","35/1824",0,0,-0.543811681475266,1,1,1,"",0
"Human Diseases","Cancer: specific types","hsa05211","Renal cell carcinoma","0/15","35/1824",0,0,-0.543811681475266,1,1,1,"",0
"Human Diseases","Cancer: specific types","hsa05212","Pancreatic cancer","0/15","27/1824",0,0,-0.476570904039087,1,1,1,"",0
"Human Diseases","Cancer: specific types","hsa05213","Endometrial cancer","0/15","25/1824",0,0,-0.458325586741015,1,1,1,"",0
"Human Diseases","Cancer: specific types","hsa05214","Glioma","0/15","30/1824",0,0,-0.502769690611396,1,1,1,"",0
"Human Diseases","Cancer: specific types","hsa05215","Prostate cancer","0/15","34/1824",0,0,-0.535836907151008,1,1,1,"",0
"Human Diseases","Cancer: specific types","hsa05216","Thyroid cancer","0/15","13/1824",0,0,-0.329406474822651,1,1,1,"",0
"Human Diseases","Cancer: specific types","hsa05217","Basal cell carcinoma","0/15","4/1824",0,0,-0.182269491551729,1,1,1,"",0
"Human Diseases","Cancer: specific types","hsa05218","Melanoma","0/15","22/1824",0,0,-0.429589470020996,1,1,1,"",0
"Human Diseases","Cancer: specific types","hsa05219","Bladder cancer","0/15","13/1824",0,0,-0.329406474822651,1,1,1,"",0
"Human Diseases","Cancer: specific types","hsa05220","Chronic myeloid leukemia","0/15","29/1824",0,0,-0.494181465451917,1,1,1,"",0
"Human Diseases","Cancer: specific types","hsa05221","Acute myeloid leukemia","0/15","23/1824",0,0,-0.439366299137136,1,1,1,"",0
"Human Diseases","Cancer: specific types","hsa05222","Small cell lung cancer","0/15","15/1824",0,0,-0.354034859704962,1,1,1,"",0
"Human Diseases","Cancer: specific types","hsa05223","Non-small cell lung cancer","0/15","30/1824",0,0,-0.502769690611396,1,1,1,"",0
"Human Diseases","Cancer: specific types","hsa05224","Breast cancer","0/15","32/1824",0,0,-0.51954798753149,1,1,1,"",0
"Human Diseases","Cancer: specific types","hsa05225","Hepatocellular carcinoma","0/15","50/1824",0,0,-0.652721434897945,1,1,1,"",0
"Human Diseases","Cancer: specific types","hsa05226","Gastric cancer","0/15","29/1824",0,0,-0.494181465451917,1,1,1,"",0
"Human Diseases","Cancer: overview","hsa05230","Central carbon metabolism in cancer","0/15","27/1824",0,0,-0.476570904039087,1,1,1,"",0
"Human Diseases","Cancer: overview","hsa05231","Choline metabolism in cancer","0/15","41/1824",0,0,-0.589570761116955,1,1,1,"",0
"Human Diseases","Cancer: overview","hsa05235","PD-L1 expression and PD-1 checkpoint pathway in cancer","0/15","29/1824",0,0,-0.494181465451917,1,1,1,"",0
"Human Diseases","Immune disease","hsa05321","Inflammatory bowel disease","0/15","4/1824",0,0,-0.182269491551729,1,1,1,"",0
"Human Diseases","Immune disease","hsa05322","Systemic lupus erythematosus","0/15","5/1824",0,0,-0.203839494222447,1,1,1,"",0
"Human Diseases","Immune disease","hsa05323","Rheumatoid arthritis","0/15","15/1824",0,0,-0.354034859704962,1,1,1,"",0
"Human Diseases","Cardiovascular disease","hsa05410","Hypertrophic cardiomyopathy","0/15","15/1824",0,0,-0.354034859704962,1,1,1,"",0
"Human Diseases","Cardiovascular disease","hsa05412","Arrhythmogenic right ventricular cardiomyopathy","0/15","15/1824",0,0,-0.354034859704962,1,1,1,"",0
"Human Diseases","Cardiovascular disease","hsa05414","Dilated cardiomyopathy","0/15","15/1824",0,0,-0.354034859704962,1,1,1,"",0
"Human Diseases","Cardiovascular disease","hsa05415","Diabetic cardiomyopathy","0/15","52/1824",0,0,-0.666023408541635,1,1,1,"",0
"Human Diseases","Cardiovascular disease","hsa05416","Viral myocarditis","0/15","14/1824",0,0,-0.341935672358718,1,1,1,"",0
"Human Diseases","Cardiovascular disease","hsa05417","Lipid and atherosclerosis","0/15","48/1824",0,0,-0.639173584583592,1,1,1,"",0
"Human Diseases","Cardiovascular disease","hsa05418","Fluid shear stress and atherosclerosis","0/15","38/1824",0,0,-0.56711449996825,1,1,1,"",0
