"gene","category","log2FC_M0","FDR_M0","log2FC_M1","FDR_M1","log2FC_M2","FDR_M2"
"ALDOA","Divergent",-0.5141044081776,2.37712172182734e-07,-0.492658953804801,2.58092527831754e-06,-0.115451004313955,0.20022824922856
"ATP1B2","Divergent",-0.27428076021812,0.00778844674353079,-0.184004402629975,0.0914204722704198,-0.0542540879781041,0.602645597766852
"CANX","Divergent",-0.132326748259118,0.247767054880903,-0.145626066506465,0.232112621323841,-0.0166977078614612,0.861911899403721
"HRH1","Divergent",-0.376071951801646,0.000855972035332636,-0.323274966890989,0.00579755089750178,0.0297818139896327,0.787789574072337
"PEA15","Divergent",-0.15679289327967,0.00351341244237843,-0.151579951766526,0.00757191892378057,0.0116161786357206,0.879220559741245
"PPP2CB","Divergent",-0.160547449190717,0.106521066670861,-0.17640625342211,0.0939882300616064,-0.0434056032714954,0.613961450928087
"SDC3","Divergent",-0.00722363509720621,0.92007993049638,0.0259654592164356,0.72367942276353,0.0935683665897606,0.114493904369892
"UBC","Divergent",-0.232219621307429,0.00479443258211411,-0.233951902413711,0.00765807625381511,-0.0838377274547771,0.439748937640649
"BAIAP2","Neuronal",-0.279000028815135,0.000910670009174875,-0.255789993152645,0.0040072105833982,0.179420437729414,0.00086299568226179
"IDS","Neuronal",-0.609284115980824,2.87426112100669e-06,-0.563992833842466,3.71852251558268e-05,0.0809947651355898,0.273172155822396
"NRN1","Neuronal",-1.31173801413365,1.18994859655575e-13,-1.24676062354767,1.16413445922751e-11,-0.424597949761785,6.97687878799267e-07
"OLFM1","Neuronal",-0.793319541259996,7.3123739349389e-09,-0.73318792122466,2.67611024037899e-07,-0.0229667006580983,0.825074833376747
"PNMA2","Neuronal",-1.15769415453457,2.23302399003306e-08,-1.08944696232592,5.60544205595721e-07,-0.0609877792323309,0.396856041856762
"SLC2A3","Neuronal",-0.103203960237768,0.516004345859001,-0.139669871251963,0.401359900613148,0.0342078679769446,0.859747815818153
"CEBPD","Stress",0.548927989506716,2.85935164391445e-05,0.536362797120359,0.000114105452641756,0.289500001768502,0.0521966895875403
"FLNA","Stress",0.505372970812907,1.51965344176188e-06,0.521343043027868,2.79965171228929e-06,0.313274899506158,0.000929613204434758
"JUNB","Stress",0.265316384811871,0.1035971396959,0.277774785906489,0.110589422049307,0.194695651368632,0.336898030756203
"PER1","Stress",0.467059721253656,2.98424576378586e-07,0.426462769083612,6.31701935398446e-06,0.331575253605181,0.000741227039243477
"PFKFB3","Stress",0.25712099012046,0.0456825201179974,0.269869739379878,0.048569299143893,0.303605498678678,0.0073238362826287
"ZFP36L1","Stress",0.460534507614985,0.000937766036022801,0.445611834657353,0.00233555880024136,0.203410291638574,0.0333956386557971
