"Gene","Category","logFC_unadj","FDR_unadj","logFC_adj","FDR_adj","SignKept","logFC_comp","FDR_comp"
"ALDOA","Divergent",-0.514,2.39e-07,-0.523,1.08e-07,TRUE,-0.094,0.24
"ATP1B2","Divergent",-0.274,0.00781,-0.279,0.00651,TRUE,-0.095,0.23
"CANX","Divergent",-0.132,0.248,-0.11,0.339,TRUE,-0.005,0.971
"HRH1","Divergent",-0.376,0.000858,-0.388,0.000553,TRUE,-0.014,0.915
"PEA15","Divergent",-0.157,0.00351,-0.16,0.00307,TRUE,0.008,0.912
"PPP2CB","Divergent",-0.161,0.107,-0.142,0.156,TRUE,-0.039,0.724
"SDC3","Divergent",-0.007,0.92,-0.011,0.872,TRUE,0.084,0.107
"UBC","Divergent",-0.232,0.00478,-0.238,0.00312,TRUE,-0.056,0.597
"BAIAP2","Neuronal",-0.279,0.000915,-0.288,0.000573,TRUE,0.159,0.00133
"IDS","Neuronal",-0.609,2.88e-06,-0.613,2.7e-06,TRUE,0.032,0.72
"NRN1","Neuronal",-1.312,1.19e-13,-1.304,1.58e-13,TRUE,-0.445,1.44e-09
"OLFM1","Neuronal",-0.793,7.37e-09,-0.795,7.36e-09,TRUE,-0.052,0.465
"PNMA2","Neuronal",-1.158,2.24e-08,-1.154,2.47e-08,TRUE,-0.124,0.212
"SLC2A3","Neuronal",-0.103,0.516,-0.088,0.57,TRUE,0.138,0.421
"CEBPD","Stress",0.549,2.86e-05,0.547,2.58e-05,TRUE,0.408,0.0058
"FLNA","Stress",0.505,1.53e-06,0.505,2.08e-06,TRUE,0.325,0.000284
"JUNB","Stress",0.265,0.104,0.276,0.0826,TRUE,0.32,0.0871
"PER1","Stress",0.467,3e-07,0.481,6.89e-08,TRUE,0.435,8.54e-06
"PFKFB3","Stress",0.257,0.0457,0.268,0.0342,TRUE,0.348,0.00287
"ZFP36L1","Stress",0.461,0.00094,0.48,0.000548,TRUE,0.267,0.0109
