"Gene","logFC_B2vs0_unadj","FDR_B2vs0_unadj","logFC_B2vs0_ageAdj","FDR_B2vs0_ageAdj","SignConcordant_B2vs0","PersistFDR05_B2vs0","logFC_B6vs0_unadj","FDR_B6vs0_unadj","logFC_B6vs0_ageAdj","FDR_B6vs0_ageAdj","SignConcordant_B6vs0","PersistFDR05_B6vs0","Category"
"BAIAP2",-1.28,0.00191,-0.613,0.893,TRUE,0,-1.63,0.00035,-1.19,0.133,TRUE,0,"1_Shared_neuronal_loss"
"IDS",-1.01,0.00762,-0.675,0.847,TRUE,0,-0.847,0.0468,-1.07,0.292,TRUE,0,"1_Shared_neuronal_loss"
"NRN1",-0.954,0.0421,0.218,0.986,FALSE,0,-1.08,0.00459,0.201,0.775,FALSE,0,"1_Shared_neuronal_loss"
"OLFM1",-0.836,0.0201,-0.202,0.982,TRUE,0,-0.996,0.00209,-0.885,0.175,TRUE,0,"1_Shared_neuronal_loss"
"PNMA2",-0.7,0.0492,-0.384,0.962,TRUE,0,-0.814,0.0158,-0.684,0.382,TRUE,0,"1_Shared_neuronal_loss"
"SLC2A3",-1.74,0.0126,0.5,0.97,FALSE,0,-2.04,0.00231,0.36,0.761,FALSE,0,"1_Shared_neuronal_loss"
"CEBPD",-1.3,0.0202,-0.716,0.929,TRUE,0,-0.447,0.244,-0.108,0.927,TRUE,0,"2_Shared_stress_response"
"FLNA",-1.82,0.0169,0.0213,0.998,FALSE,0,-2.68,0.000231,-0.932,0.402,TRUE,0,"2_Shared_stress_response"
"JUNB",-3.54,0.0287,1.81,0.927,FALSE,0,-3.78,0.00907,1.81,0.41,FALSE,0,"2_Shared_stress_response"
"PER1",-1.35,0.0291,0.653,0.929,FALSE,0,-1.95,0.015,0.066,0.973,FALSE,0,"2_Shared_stress_response"
"PFKFB3",-1.2,0.012,0.234,0.982,FALSE,0,-1.56,0.000352,-0.137,0.853,TRUE,0,"2_Shared_stress_response"
"ZFP36L1",-3.67,0.0403,1.96,0.962,FALSE,0,-2.9,0.038,3.89,0.0969,FALSE,0,"2_Shared_stress_response"
"ALDOA",-1.06,0.00421,-0.791,0.769,TRUE,0,-1.21,0.0044,-1.39,0.108,TRUE,0,"3_Divergent_tumor_specific"
"ATP1B2",-1.59,0.0113,-0.574,0.97,TRUE,0,-1.22,0.00415,-0.609,0.521,TRUE,0,"3_Divergent_tumor_specific"
"CANX",-0.72,0.0377,-0.748,0.778,TRUE,0,-0.633,0.0216,-1.1,0.0475,TRUE,1,"3_Divergent_tumor_specific"
"HRH1",-1.49,0.00635,-0.114,0.995,TRUE,0,-1.39,0.00505,0.125,0.91,FALSE,0,"3_Divergent_tumor_specific"
"PEA15",-0.99,0.015,-0.287,0.978,TRUE,0,-1.13,0.0025,-1.11,0.152,TRUE,0,"3_Divergent_tumor_specific"
"PPP2CB",-0.89,0.0113,-0.514,0.907,TRUE,0,-1.28,0.000177,-1.18,0.0522,TRUE,0,"3_Divergent_tumor_specific"
"SDC3",-1.66,0.0119,0.716,0.911,FALSE,0,-2.6,4.9e-05,-0.374,0.639,TRUE,0,"3_Divergent_tumor_specific"
"UBC",-1.04,0.041,-0.401,0.978,TRUE,0,-0.678,0.214,0.162,0.918,FALSE,0,"3_Divergent_tumor_specific"
